"T3416 - Mozambique, Gorongosa",1
"T3419 - Mozambique, Gorongosa",1
"T4606 - Mozambique, Mount Mabu",1
"T5621 - Mozambique, Taratibu",2
"T5625 - Mozambique, Taratibu",2
"T5628 - Mozambique, Taratibu",2
"T5629 - Mozambique, Taratibu",2
"T5631 - Mozambique, Taratibu",2
"T5643 - Mozambique, Taratibu",2
"T5648 - Mozambique, Taratibu",2
"T5645 - Mozambique, Taratibu",2
"T2480 - Tanzania, Kazimzumbwi",3
"T2641 - Tanzania, Nguu",3
"T3644 - Tanzania, Muyuyu",3
"T3768 - Tanzania, Kibasira swamp",3
"T4075 - Tanzania, Zaraninge",3
"T4098 - Tanzania, Gendagenda North",3
"T4100 - Tanzania, Gendagenda North",3
"T4101 - Tanzania, Gendagenda North",3
"T4199 - Tanzania, Mabayani",3
"T4200 - Tanzania, Mabayani",3
"T4534 - Tanzania, Nilo",3
"T4537 - Tanzania, Milawilia",3
"T4538 - Tanzania, Mkungwe",3
"T4540 - Tanzania, Mvuha",3
"T4847 - Tanzania, Kimboza",3
"T4923 - Tanzania, Kimboza",3
"T4960 - Tanzania, Segoma",3
"T4970 - Tanzania, Segoma",3
"T5238 - Kenya, Shimba Hills",3
"T5239 - Kenya, Shimba Hills",3
"T5399 - Tanzania, E Usambara",3
"T4384 - Tanzania, Dar es Salaam",3
"T3431 - Tanzania, Nyamuete",3
"T3446 - Tanzania, Kiwengoma",3
"T3447 - Tanzania, Kiwengoma",3
"T3432 - Tanzania, Nyamuete",3
"T3802 - Tanzania, Kibasira swamp",3
"T3809 - Tanzania, Kibasira swamp",3
"T4672 - Tanzania, Udzungwa Scarp",3
"T3081 - Tanzania, Litipo FR",4
"T2979 - Tanzania, Makangala",4
"T3009 - Tanzania, Makangala",4
"T3010 - Tanzania, Makangala",4
"T3074 - Tanzania, Litipo ",4
"T3107 - Tanzania, Litipo",4
"T3108 - Tanzania, Litipo",4
"T3157 - Tanzania, Litipo",4
"T3179 - Tanzania, Litipo",4
"T3189 - Tanzania, Noto",4
"T3190 - Tanzania, Noto",4
"T3191 - Tanzania, Noto",4
"T3192 - Tanzania, Noto",4
"T3193 - Tanzania, Noto",4
"T3194 - Tanzania, Noto",4
"T3195 - Tanzania, Noto",4
"T3196 - Tanzania, Noto",4
"T3198 - Tanzania, Noto",4
"T3210 - Tanzania, Noto",4